/*
 * ------------------------------------------------------------
 * IMPORTANT: The contents of this file are auto-generated.
 *
 * This file may be updated by the Shopify admin theme editor
 * or related systems. Please exercise caution as any changes
 * made to this file may be overwritten.
 * ------------------------------------------------------------
 */
{
  "sections": {
    "main": {
      "type": "main-page",
      "blocks": {
        "heading": {
          "type": "text",
          "name": "Title",
          "settings": {
            "text": "<h1>{{ closest.page.title }}</h1>",
            "width": "100%",
            "max_width": "normal",
            "alignment": "left",
            "type_preset": "h2",
            "font": "var(--font-body--family)",
            "font_size": "1rem",
            "line_height": "normal",
            "letter_spacing": "normal",
            "case": "none",
            "wrap": "pretty",
            "color": "var(--color-foreground)",
            "background": false,
            "background_color": "#00000026",
            "corner_radius": 0,
            "padding-block-start": 0,
            "padding-block-end": 0,
            "padding-inline-start": 0,
            "padding-inline-end": 0
          },
          "blocks": {}
        },
        "page-content": {
          "type": "page-content",
          "settings": {},
          "blocks": {}
        }
      },
      "block_order": [
        "heading",
        "page-content"
      ],
      "disabled": true,
      "settings": {
        "content_direction": "column",
        "gap": 32,
        "color_scheme": "",
        "padding-block-start": 40,
        "padding-block-end": 80
      }
    },
    "new_hero_banner_QDEF6G": {
      "type": "new-hero-banner",
      "name": "Hero banner",
      "settings": {
        "section_width": "full-width",
        "color_scheme": "",
        "banner": "shopify://shop_images/store_f9947e68-a746-487a-a123-84c130d76812.jpg",
        "mobile_banner": "shopify://shop_images/stores.jpg",
        "title": "Locate a Store"
      }
    },
    "store_locator_Ttrnde": {
      "type": "store-locator",
      "blocks": {
        "store_DhQFNf": {
          "type": "store",
          "settings": {
            "store_name": "",
            "address": "14-4-27 BESIDE ADITHYA DEGREE COLLEGE,MAIN ROAD PALAKOLLU, WEST GODAVARI DISTRICT, West Godavari, Andhra Pradesh",
            "city": "PALAKOL",
            "state": "ANDHRA PRADESH",
            "postal_code": "534260",
            "phone": "",
            "latitude": "16.517979175174954",
            "longitude": "81.72627532480432",
            "custom_map_link": ""
          }
        },
        "store_w9zMnC": {
          "type": "store",
          "settings": {
            "store_name": "",
            "address": "7-254, BANGINAPALLI THOTA, NUZIVIDU, Krishna, Andhra Pradesh",
            "city": "NUZIVIDU",
            "state": "ANDHRA PRADESH",
            "postal_code": "521201",
            "phone": "",
            "latitude": "16.781534803475637",
            "longitude": "80.84694095361937",
            "custom_map_link": ""
          }
        },
        "store_hQ7yGY": {
          "type": "store",
          "settings": {
            "store_name": "",
            "address": "# 13/19MAIN ROAD NUZVID KRISHNA DISTRICT ANDHARA PREDESH \nPIN",
            "city": "NUZIVIDU",
            "state": "ANDHRA PRADESH",
            "postal_code": "521201",
            "phone": "",
            "latitude": "16.791601020889697",
            "longitude": "80.84706969964185",
            "custom_map_link": ""
          }
        },
        "store_iLt7aP": {
          "type": "store",
          "settings": {
            "store_name": "",
            "address": "174,  JAWAHARLAL NEHRU STREET, PUDUCHERRY, Puducherry, Puducherry",
            "city": "PUDUCHERRY",
            "state": "",
            "postal_code": "605001",
            "phone": "",
            "latitude": "11.93650011731808",
            "longitude": "79.82851015847142",
            "custom_map_link": ""
          }
        },
        "store_qpNPUD": {
          "type": "store",
          "settings": {
            "store_name": "",
            "address": "9-9-1/1, ARUNDELPET, NARASARAOPET, Guntur, Andhra Pradesh",
            "city": "NARSARAO PETA",
            "state": "ANDHRA PRADESH",
            "postal_code": "522601",
            "phone": "",
            "latitude": "16.234340794813612",
            "longitude": "80.0454960517888",
            "custom_map_link": ""
          }
        },
        "store_j3HbwD": {
          "type": "store",
          "settings": {
            "store_name": "",
            "address": "15-10, GROUND FLOOR, MAIN ROAD, NADIM TIRUVURU, TIRUVURU, Krishna, Andhra Pradesh",
            "city": "TIRUVURU",
            "state": "ANDHRA PRADESH",
            "postal_code": "521235",
            "phone": "",
            "latitude": "",
            "longitude": "",
            "custom_map_link": ""
          }
        },
        "store_y8dG3N": {
          "type": "store",
          "settings": {
            "store_name": "",
            "address": "6-1174/8, OPP NARAYANA E M SCHOOL, KODAD ROAD, UPSTAIRS, Jaggaiahpet, NTR, Andhra Pradesh",
            "city": "JAGGAIAHPET",
            "state": "ANDHRA PRADESH",
            "postal_code": "521175",
            "phone": "",
            "latitude": "16.897171106031678",
            "longitude": "80.09829080946946",
            "custom_map_link": ""
          }
        },
        "store_Qyx3Fa": {
          "type": "store",
          "settings": {
            "store_name": "",
            "address": "Opposite coastal local area bank\nMain road \nAkividu , WG DIST",
            "city": "AKIVIDU",
            "state": "ANDHRA PRADESH",
            "postal_code": "534235",
            "phone": "",
            "latitude": "16.582380782996378",
            "longitude": "81.37809803012559",
            "custom_map_link": ""
          }
        },
        "store_yHfV9h": {
          "type": "store",
          "settings": {
            "store_name": "",
            "address": "6-286,Beside Hyundai Showroom,Antarvedi Road,Malkipuram, Andhra Pradesh",
            "city": "MALKIPURAM",
            "state": "ANDHRA PRADESH",
            "postal_code": "533253",
            "phone": "8341325433",
            "latitude": "16.409764585970972",
            "longitude": "81.80207421130831",
            "custom_map_link": ""
          }
        },
        "store_VYc4Xw": {
          "type": "store",
          "settings": {
            "store_name": "",
            "address": "CINEMA ROAD",
            "city": "ADILABAD",
            "state": "TELANGANA",
            "postal_code": "504001",
            "phone": "",
            "latitude": "",
            "longitude": "",
            "custom_map_link": ""
          }
        },
        "store_KBtMiT": {
          "type": "store",
          "settings": {
            "store_name": "",
            "address": "Plot No.242, PADMAVATHI NAGAR MAIN ROAD, NANDYAL, Kurnool, Andhra Pradesh",
            "city": "NANDYAL",
            "state": "ANDHRA PRADESH",
            "postal_code": "518501",
            "phone": "",
            "latitude": "15.48243482213893",
            "longitude": "78.48205198245937",
            "custom_map_link": ""
          }
        },
        "store_Ud8PiF": {
          "type": "store",
          "settings": {
            "store_name": "",
            "address": "ESHWAR NAGAR,OPP ARUNODAYA SUPERMARKET.KURNOOL",
            "city": "KURNOOL",
            "state": "ANDHRA PRADESH",
            "postal_code": "518001",
            "phone": "",
            "latitude": "15.832180059467278",
            "longitude": "78.04059562294759",
            "custom_map_link": ""
          }
        },
        "store_zVrqXn": {
          "type": "store",
          "settings": {
            "store_name": "",
            "address": "6-1, AMBEDKAR CENTER, MAIN ROAD, Madhira, Khammam, Telangana",
            "city": "MADHIRA",
            "state": "TELANGANA",
            "postal_code": "507203",
            "phone": "",
            "latitude": "16.917516810702743",
            "longitude": "80.3644984571561",
            "custom_map_link": ""
          }
        },
        "store_rgDMMx": {
          "type": "store",
          "settings": {
            "store_name": "",
            "address": "WYRA ROAD\nKHAMMAM",
            "city": "KHAMMAM",
            "state": "TELANGANA",
            "postal_code": "507002",
            "phone": "",
            "latitude": "",
            "longitude": "",
            "custom_map_link": ""
          }
        },
        "store_LyYWbD": {
          "type": "store",
          "settings": {
            "store_name": "",
            "address": "1-74/DH/186 & 201,\nGACHIBOWLI",
            "city": "HYDERABAD",
            "state": "TELANGANA",
            "postal_code": "500032",
            "phone": "",
            "latitude": "17.43452714883268",
            "longitude": "78.36919771858555",
            "custom_map_link": ""
          }
        },
        "store_qjcqtU": {
          "type": "store",
          "settings": {
            "store_name": "",
            "address": "PlotNo:10& 46 , MIG-2, 9th Phase, KPHB Colony,Kukatpally",
            "city": "HYDERABAD",
            "state": "TELANGANA",
            "postal_code": "500072",
            "phone": "",
            "latitude": "17.487551213117534",
            "longitude": "78.38353196714944",
            "custom_map_link": ""
          }
        },
        "store_E7Ucx7": {
          "type": "store",
          "settings": {
            "store_name": "",
            "address": "H.NO:1-1-306/1 PLOT NO:1&17 SRIRAM NAGAR KAPRA HYDRABAD",
            "city": "HYDERABAD",
            "state": "TELANGANA",
            "postal_code": "500062",
            "phone": "",
            "latitude": "17.484691071618297",
            "longitude": "78.5655900474273",
            "custom_map_link": ""
          }
        },
        "store_YMRAqF": {
          "type": "store",
          "settings": {
            "store_name": "",
            "address": "\"Aakruti \n3rd floor (amb)\nUnit no#80-84\nSarath city capital mall\nGST NO 36AAACG7471N1Z5\nHyderabad",
            "city": "HYDERABAD",
            "state": "TELANGANA",
            "postal_code": "500084",
            "phone": "",
            "latitude": "17.46037625616053",
            "longitude": "78.36525388984693",
            "custom_map_link": ""
          }
        },
        "store_PygKfx": {
          "type": "store",
          "settings": {
            "store_name": "",
            "address": "7-12, Madinaguda, Chanda Nagar, Krishnadevaraya Colony, Sy.No.151,152,177, Miyapur, Hyderabad, Medchal Malkajgiri, Telangana",
            "city": "HYDERABAD",
            "state": "TELANGANA",
            "postal_code": "500049",
            "phone": "",
            "latitude": "17.4955531183038",
            "longitude": "78.34261702482",
            "custom_map_link": ""
          }
        },
        "store_xymzJw": {
          "type": "store",
          "settings": {
            "store_name": "",
            "address": "GROUND FLOOR, 29-1055/1, Macherla Vinukonda Road, PALNAD ROAD, Vinukonda, Vinukonda, Palnadu, Andhra Pradesh",
            "city": "VINUKONDA",
            "state": "ANDHRA PRADESH",
            "postal_code": "522647",
            "phone": "",
            "latitude": "16.05708408726577",
            "longitude": "79.73936465178612",
            "custom_map_link": ""
          }
        },
        "store_y98APA": {
          "type": "store",
          "settings": {
            "store_name": "",
            "address": "10-14-38/1, NIZAMPATNAM ROAD, OPP R & B GUEST HOUSE, Repalle, Bapatla, Andhra Pradesh",
            "city": "REPALLE",
            "state": "ANDHRA PRADESH",
            "postal_code": "522265",
            "phone": "",
            "latitude": "16.01848812139219",
            "longitude": "80.82788823829118",
            "custom_map_link": ""
          }
        },
        "store_jV8DcH": {
          "type": "store",
          "settings": {
            "store_name": "",
            "address": "D.NO: 5-87-133/3\nopp: Hollywood Bollywood Theater,\nLaxmipuram Main Road",
            "city": "GUNTUR",
            "state": "ANDHRA PRADESH",
            "postal_code": "522007",
            "phone": "",
            "latitude": "16.30879639565328",
            "longitude": "80.43457820125687",
            "custom_map_link": ""
          }
        },
        "store_t4rR66": {
          "type": "store",
          "settings": {
            "store_name": "",
            "address": "RASHTRAPATHI ROAD,3RD STREET\nOPP COURT ROAD\nTANUKU",
            "city": "TANUKU",
            "state": "ANDHRA PRADESH",
            "postal_code": "534211",
            "phone": "",
            "latitude": "16.7531001471379",
            "longitude": "81.68742051131365",
            "custom_map_link": ""
          }
        },
        "store_T6pBKD": {
          "type": "store",
          "settings": {
            "store_name": "",
            "address": "1-4-10/1, chakala peta, Pithapuram, Kakinada, Andhra Pradesh",
            "city": "PITHAPURAM",
            "state": "ANDHRA PRADESH",
            "postal_code": "533450",
            "phone": "",
            "latitude": "17.123248427851177",
            "longitude": "82.25503767621592",
            "custom_map_link": ""
          }
        },
        "store_aDqB7g": {
          "type": "store",
          "settings": {
            "store_name": "",
            "address": "MAIN ROAD",
            "city": "KAKINADA",
            "state": "ANDHRA PRADESH",
            "postal_code": "533001",
            "phone": "",
            "latitude": "16.958257493996594",
            "longitude": "82.23541759597605",
            "custom_map_link": ""
          }
        },
        "store_WjUFTn": {
          "type": "store",
          "settings": {
            "store_name": "",
            "address": "8-154/B,8-154/A, MSR ROAD, BESIDE SRINIVASA THEATER, Kanigiri, Prakasam, Andhra Pradesh",
            "city": "KANIGIRI",
            "state": "ANDHRA PRADESH",
            "postal_code": "523230",
            "phone": "",
            "latitude": "15.404828780958233",
            "longitude": "79.5075863741617",
            "custom_map_link": ""
          }
        },
        "store_hzdHnB": {
          "type": "store",
          "settings": {
            "store_name": "",
            "address": "9-20-100/1",
            "city": "RAJAHMUNDRI",
            "state": "ANDHRA PRADESH",
            "postal_code": "533102",
            "phone": "",
            "latitude": "",
            "longitude": "",
            "custom_map_link": ""
          }
        },
        "store_zzih4E": {
          "type": "store",
          "settings": {
            "store_name": "",
            "address": "CHIRALA FASHIONS,\nC MALL,STATION ROAD",
            "city": "CHIRALA",
            "state": "ANDHRA PRADESH",
            "postal_code": "523155",
            "phone": "",
            "latitude": "15.829334560632729",
            "longitude": "80.35572018246437",
            "custom_map_link": ""
          }
        },
        "store_hwTtw4": {
          "type": "store",
          "settings": {
            "store_name": "",
            "address": "MAIN ROAD",
            "city": "RAJAHMUNDRI",
            "state": "ANDHRA PRADESH",
            "postal_code": "533102",
            "phone": "",
            "latitude": "16.997623885461223",
            "longitude": "81.7733373689879",
            "custom_map_link": ""
          }
        },
        "store_xEkJjR": {
          "type": "store",
          "settings": {
            "store_name": "",
            "address": "HOUSE NO:1-6-141/33 SRI RAM NAGAR NEAR MANNA CHURCH NH 65, SURYAPET, TELANGANA PIN CODE",
            "city": "SURYAPET",
            "state": "TELANGANA",
            "postal_code": "508123",
            "phone": "",
            "latitude": "17.14862790980668",
            "longitude": "79.62684641131982",
            "custom_map_link": ""
          }
        },
        "store_8YtDNV": {
          "type": "store",
          "settings": {
            "store_name": "",
            "address": "HOUSE NO:1-6-141/33 SRI RAM NAGAR NEAR MANNA CHURCH NH 65, SURYAPET, TELANGANA PIN CODE",
            "city": "SURYAPET",
            "state": "TELANGANA",
            "postal_code": "508123",
            "phone": "",
            "latitude": "17.14862790980668",
            "longitude": "79.62684641131982",
            "custom_map_link": ""
          }
        },
        "store_CwcHT7": {
          "type": "store",
          "settings": {
            "store_name": "",
            "address": "5-4-191/1, ANITHA COMPLEX, OLD COLLECTORATE ROAD, NALGONDA, Nalgonda, Telangana",
            "city": "NALGONDA",
            "state": "TELANGANA",
            "postal_code": "508001",
            "phone": "",
            "latitude": "17.05363039760568",
            "longitude": "79.26700002296629",
            "custom_map_link": ""
          }
        },
        "store_fFFngM": {
          "type": "store",
          "settings": {
            "store_name": "",
            "address": "\"JC PLAZA ,JEMMI CHETTU STREET,\nMOGHALRAJPURAM VJY-10",
            "city": "VIJAYAWADA",
            "state": "ANDHRA PRADESH",
            "postal_code": "520010",
            "phone": "0866-2499996",
            "latitude": "16.503105705319008",
            "longitude": "80.64315289412248",
            "custom_map_link": ""
          }
        },
        "store_VqRfnf": {
          "type": "store",
          "settings": {
            "store_name": "",
            "address": "D.NO-8-127/1,8-127/3,  KATURU ROAD Krishna, Andhra Pradesh",
            "city": "VUYYURU",
            "state": "ANDHRA PRADESH",
            "postal_code": "521165",
            "phone": "",
            "latitude": "16.366320425336777",
            "longitude": "80.84290645363717",
            "custom_map_link": ""
          }
        },
        "store_BeawBq": {
          "type": "store",
          "settings": {
            "store_name": "",
            "address": "76-14-96A/1, , Swathi Road, Bhavanipuram,Vijayawada, Krishna, Andhra Pradesh",
            "city": "VIJAYAWADA",
            "state": "ANDHRA PRADESH",
            "postal_code": "520012",
            "phone": "",
            "latitude": "16.53595376079783",
            "longitude": "80.59859272295817",
            "custom_map_link": ""
          }
        },
        "store_fewefC": {
          "type": "store",
          "settings": {
            "store_name": "",
            "address": "KHATA  62/2972,PLOT NO-280/2933/4846, KHATA NO-62/4227, NH 326,Commercial Tax Office, MOUZA-RAYAGADA, Odisha",
            "city": "RAYAGADA",
            "state": "ORISSA",
            "postal_code": "765001",
            "phone": "",
            "latitude": "19.180791835378056",
            "longitude": "83.41418031513126",
            "custom_map_link": ""
          }
        },
        "store_TkRF4f": {
          "type": "store",
          "settings": {
            "store_name": "",
            "address": "\"BASHYAM SCHOOL COMPLEX\nOPPO GANESH CANTEEN\nJP ROAD\nBHIMAVARAM",
            "city": "BHIMAVARAM",
            "state": "ANDHRA PRADESH",
            "postal_code": "534202",
            "phone": "",
            "latitude": "16.544158461509813",
            "longitude": "81.52499450946398",
            "custom_map_link": ""
          }
        },
        "store_WGPVVe": {
          "type": "store",
          "settings": {
            "store_name": "",
            "address": "Sheet No.37 Sy.No.3119, GROUND FIRST SECOND THIRD, BHANAPETH, Chandrapur, Chandrapur, Maharashtra",
            "city": "CHANDRAPUR",
            "state": "MAHARASHTRA",
            "postal_code": "442402",
            "phone": "",
            "latitude": "",
            "longitude": "",
            "custom_map_link": ""
          }
        },
        "store_RiRXb6": {
          "type": "store",
          "settings": {
            "store_name": "",
            "address": "1490, Shrunga, Kempegowda Double Road BEML Layout, Rajarajeshwari Nagar, Bengaluru, Bengaluru Urban, Karnataka",
            "city": "BANGALORE",
            "state": "KARNATAKA",
            "postal_code": "560098",
            "phone": "",
            "latitude": "12.922171431364262",
            "longitude": "77.51374942651316",
            "custom_map_link": ""
          }
        },
        "store_n7BWt7": {
          "type": "store",
          "settings": {
            "store_name": "",
            "address": "Door No.375B, ward no.22, Infantry  Main Road, Bellary -  Karnataka",
            "city": "BELLARY",
            "state": "KARNATAKA",
            "postal_code": "583104",
            "phone": "",
            "latitude": "15.151702644085718",
            "longitude": "76.90250448245476",
            "custom_map_link": ""
          }
        },
        "store_CFDCE7": {
          "type": "store",
          "settings": {
            "store_name": "",
            "address": "13/654-3, PUTLUR ROAD, Lakshmi Vinayaka Medicals, Kalavagadda Colony, Tadpatri, Ananthapuramu, Andhra Pradesh,",
            "city": "TADIPATRI",
            "state": "ANDHRA PRADESH",
            "postal_code": "515411",
            "phone": "",
            "latitude": "14.906773465189241",
            "longitude": "78.00771460294094",
            "custom_map_link": ""
          }
        },
        "store_zDhcfF": {
          "type": "store",
          "settings": {
            "store_name": "",
            "address": "18-1-504, MOSQROAD VV MAHAL ROAD, TIRUPATI, Chittoor, Andhra Pradesh",
            "city": "TIRUPATHI",
            "state": "ANDHRA PRADESH",
            "postal_code": "517501",
            "phone": "",
            "latitude": "13.637393876697558",
            "longitude": "79.41930679592961",
            "custom_map_link": ""
          }
        },
        "store_VByKkK": {
          "type": "store",
          "settings": {
            "store_name": "",
            "address": "13 640 Y V STREET KADAPA YSR DISTRIC, KADAPA(CUDDAPAH) ANDHRA PRADESH",
            "city": "CUDDAPAH",
            "state": "ANDHRA PRADESH",
            "postal_code": "516001",
            "phone": "",
            "latitude": "",
            "longitude": "",
            "custom_map_link": ""
          }
        },
        "store_CQyHhq": {
          "type": "store",
          "settings": {
            "store_name": "",
            "address": "18/110, Tadipatri Road, Jammalamadugu, YSR, Andhra Pradesh",
            "city": "JAMMALAMADUGU",
            "state": "ANDHRA PRADESH",
            "postal_code": "516434",
            "phone": "",
            "latitude": "14.846915968188458",
            "longitude": "78.38300951128586",
            "custom_map_link": ""
          }
        },
        "store_7kM7Mk": {
          "type": "store",
          "settings": {
            "store_name": "",
            "address": "7/1546,KORRAPADU ROAD",
            "city": "PRODDATUR",
            "state": "ANDHRA PRADESH",
            "postal_code": "516360",
            "phone": "",
            "latitude": "14.754727861412562",
            "longitude": "78.55613003827334",
            "custom_map_link": ""
          }
        },
        "store_ac89xV": {
          "type": "store",
          "settings": {
            "store_name": "",
            "address": "SY.NO.960, MADRAS ROAD, Rajampet, Annamayya, Andhra Pradesh",
            "city": "RAJAMPETA",
            "state": "ANDHRA PRADESH",
            "postal_code": "516126",
            "phone": "",
            "latitude": "14.19292395226516",
            "longitude": "79.16327917402883",
            "custom_map_link": ""
          }
        },
        "store_JP9mBe": {
          "type": "store",
          "settings": {
            "store_name": "",
            "address": "22-2-1371/1,Kurisettivari Street",
            "city": "BHIMAVARAM",
            "state": "ANDHRA PRADESH",
            "postal_code": "534201",
            "phone": "",
            "latitude": "16.543147851979025",
            "longitude": "81.51256890128559",
            "custom_map_link": ""
          }
        },
        "store_dHjdx6": {
          "type": "store",
          "settings": {
            "store_name": "",
            "address": "Main Bazaar, , Opposite Birla Bhavan centre, beside N S Market, Eluru, West Godavari, Andhra Pradesh",
            "city": "ELURU",
            "state": "ANDHRA PRADESH",
            "postal_code": "534001",
            "phone": "",
            "latitude": "16.70910124234048",
            "longitude": "81.11026609781855",
            "custom_map_link": ""
          }
        },
        "store_jYr6h4": {
          "type": "store",
          "settings": {
            "store_name": "",
            "address": "Block No 2 506, PRAKASH CHOPRA BUILDING, Ward No 3 2nd Main Road Jawahar Road, Near Gadiyar Kamba, Koppal, Koppal, Karnataka",
            "city": "KOPPAL",
            "state": "KARNATAKA",
            "postal_code": "583231",
            "phone": "",
            "latitude": "",
            "longitude": "",
            "custom_map_link": ""
          }
        },
        "store_a7hpc8": {
          "type": "store",
          "settings": {
            "store_name": "",
            "address": "RS NO.101/1, OPP BUS STAND, Mylavaram, NTR, Andhra Pradesh",
            "city": "MYLAVARAM",
            "state": "ANDHRA PRADESH",
            "postal_code": "521230",
            "phone": "",
            "latitude": "16.76208900785147",
            "longitude": "80.64179204733514",
            "custom_map_link": ""
          }
        }
      },
      "block_order": [
        "store_DhQFNf",
        "store_w9zMnC",
        "store_hQ7yGY",
        "store_iLt7aP",
        "store_qpNPUD",
        "store_j3HbwD",
        "store_y8dG3N",
        "store_Qyx3Fa",
        "store_yHfV9h",
        "store_VYc4Xw",
        "store_KBtMiT",
        "store_Ud8PiF",
        "store_zVrqXn",
        "store_rgDMMx",
        "store_LyYWbD",
        "store_qjcqtU",
        "store_E7Ucx7",
        "store_YMRAqF",
        "store_PygKfx",
        "store_xymzJw",
        "store_y98APA",
        "store_jV8DcH",
        "store_t4rR66",
        "store_T6pBKD",
        "store_aDqB7g",
        "store_WjUFTn",
        "store_hzdHnB",
        "store_zzih4E",
        "store_hwTtw4",
        "store_xEkJjR",
        "store_8YtDNV",
        "store_CwcHT7",
        "store_fFFngM",
        "store_VqRfnf",
        "store_BeawBq",
        "store_fewefC",
        "store_TkRF4f",
        "store_WGPVVe",
        "store_RiRXb6",
        "store_n7BWt7",
        "store_CFDCE7",
        "store_zDhcfF",
        "store_VByKkK",
        "store_CQyHhq",
        "store_7kM7Mk",
        "store_ac89xV",
        "store_JP9mBe",
        "store_dHjdx6",
        "store_jYr6h4",
        "store_a7hpc8"
      ],
      "name": "Store locator",
      "settings": {
        "heading": "",
        "intro_text": "",
        "enable_search": true,
        "search_placeholder": "Search by city or pin...",
        "directions_label": "Get directions",
        "button_color": "#c50984",
        "google_maps_api_key": "AIzaSyBuVidu2BtpDB7UABjS64w2rAaBoNdizD0",
        "google_routes_api_key": "AIzaSyBuVidu2BtpDB7UABjS64w2rAaBoNdizD0",
        "default_latitude": "",
        "default_longitude": ""
      }
    }
  },
  "order": [
    "main",
    "new_hero_banner_QDEF6G",
    "store_locator_Ttrnde"
  ]
}
